username,subreddit,tot_comments
CarsThatDrive,gaming,17
AssDotCom,psychology,7
lawrnk,DIY,9
TheFenixKnight,Justrolledintotheshop,1
GageTheElephant,tattoos,3
tripled153,3DS,7
gotta_have_failth,bestof,11
corkyskog,Foodforthought,5
mrking944,4chan,1
FittyTheBone,Art,3
dustymcmusty,Lesbients,2
serioussmackdown,boltedontits,6
not__banksy,MURICA,1
SueZbell,oddlysatisfying,6
Zelos,funny,1
clarque_,Documentaries,9
hivecircuit,deepweb,2
del1verance,gentlemanboners,3
jdeezy-yeezus,electricians,1
IwishIwasPurple,sanantoniofood,1
Vapourtrails89,DIY,2
trauben34,spongebob,1
Buhhwheat,ChoosingBeggars,8
Arvingorn,programming,1
AlphaApache,circlejerk,3
ViolentWanderer,drums,2
CoastalSailing,bestof,1
PhettyX,freefolk,4
Shinanigins,humor,1
TheVeryBakedPotato,CrappyDesign,2
sharklops,madlads,1
ManillaEnvelope77,answers,1
ChubbyMonkeyX,iamverysmart,5
-goodguygeorge,Economics,9
CasaBlacka,indieheads,24
YoungScholar89,BlackPeopleTwitter,6
andy18cruz,europe,446
Tyler_Zoro,Philippines,7
Canucklehead_Alberta,pokemon,28
HillbillyBoner,Survival,2
SMELLMYSTANK,Android,1
handbanana42,AdviceAnimals,48
rsayers,Austinmotorcycles,6
Thenightmancumeth,OakIsland,1
rocktropolis,AskNOLA,11
nwydo,explainlikeimfive,2
XRTRazgriz,WorldOfWarships,1
HusainDaKilla,Windows10,1
Pyro9966,Triumph,1
engion3,Neverwinter,1
jasdevism,thenetherlands,1
AboveDisturbing,ssbbw,4
shaidy64,photoshopbattles,1
Gilokee,FulfillmentByAmazon,1
Megamean09,4chan,48
MeniBike,ForeverAlone,1
iLickAnalBlood,UpliftingNews,40
KubrickIsMyCopilot,todayilearned,9
spartan116chris,space,1
sexrobot_sexrobot,politics,374
TickleMyWeasel,drawing,3
IxDo,MadeMeSmile,2
NinaLaPirat,drawing,2
dumbkid12,Dreams,1
PM_YOUR_CLIT,AsiansGoneWild,2
Space0range,therewasanattempt,1
thank_mr_skeltal_bot,AutoCAD,1
A-Stu-Ute,CFBOffTopic,86
D1STURBED36,news,3
C4nn0nB411,C_S_T,1
ProfessorLube,pitbulls,2
Faliz18,CHIBears,1
surrogateuterus,freebies,1
edge231,valiant,1
keredi,Kettering,3
sunflowerfly,videos,3
Ketchup901,ShittyLifeProTips,1
KeisterApartments,NUFC,105
CasaBlacka,OnePiece,2
FalloutW0lf,FellowKids,4
HighspeedGI7,gaming,1
DoesntBeelieveIt,nsfw,1
fartloud,pussypassdenied,2
Eustace_Savage,girlsinyogapants,3
Fridaywing,todayilearned,1
ClasslessHero,orioles,1
btcthinker,AdviceAnimals,7
grouch1980,nba,1
MazPA,gamegrumps,251
HashtagValue,wholesomememes,1
LordBergkamp,gratefuldead,1
Knubinator,history,6
YeimzHetfield,RocketLeagueExchange,1
Klever_Uzername,HappyEmbarrassedGirls,18
Sameguy1234,AmateurPorn,3
vorschact,bloomington,3
GirlGargoyle,darksouls3,1
Bojarzin,WTF,10
ForeheadVCR,AskElectronics,1
Polack4trump,PublicFreakout,2
SMELLMYSTANK,thewalkingdead,2
ImWatchinUWatchinMe,BasicIncome,1
akatherder,oddlysatisfying,2
SolasV,huntersbell,3
TheFriffin,pokemongo,10
bitwaba,StrangerThings,1
Globalnet626,MetalGearPhilanthropy,2
SenseiTomato,Borderlands,1
otterpapa,StarWars,1
bird-internet,pokemongo,20
Rush2201,visualnovels,1
-BipolarPolarBear-,falcons,27
FireManiac58,todayilearned,2
Vargasa871,holdthemoan,2
minimag47,punchablefaces2,1
thethirdteacup,pcmasterrace,1
coreyisthename,xboxone,1
Justice_Prince,SubredditSimMeta,2
XXXmormon,gifs,3
_Kristian_,oneplus,1
my1973vw,MapPorn,4
davewinkwink,SkyPorn,17
sneaky_dragon,bayarea,3
eviemcstevie,AskReddit,100
AnotherVersionOfMe,Parenting,2
AZZTASTIC,pokemon,2
untwerth,cokebears,1
Orthodox-Waffle,lifehacks,1
the_vole,comicbooks,1
Gr33ny,fffffffuuuuuuuuuuuu,41
The_Barnanator,uglyduckling,1
GDFKTT,Shittyaskflying,46
srs_throwaway5302960,gameofthrones,3
OfficialGreenTea,MovieSuggestions,1
j-mt,OldSchoolCool,1
goldenhourlivin,nottheonion,1
DrCockenstein,unrealengine,5
LearnsSomethingNew,politics,13
Spartan117qz,Hyiff,3
ticklemythigh,Conservative,66
halibut_skies,bikewrench,54
Sarah2376,GlobalOffensive,2
cuteman,Health,1
turbot151,guitars,1
Gunserbadmkay,Tinder,1
CaptainJamie,ShinyPokemon,1
Incruentus,HomemadePorn,1
hieropant,gaming,7
BurningKarma,holdmyredbull,3
PM_ME_YOUR_FRAME,TrollXChromosomes,3
goodtimes99,personalfinance,2
Salsadips,RoastMe,2
unhampered_by_pants,relationships,10
jonmcfluffy,iamverysmart,9
jsalathe,asktrp,91
Krystalraev,FitMama,9
wltndd,desabafos,1
Rshackleford22,Political_Revolution,27
platypuspracticus,Justrolledintotheshop,1
martigan99,gaming,10
HappyStalker,mildlyinteresting,6
Cyrusas,NoteIt,1
PMme_slave_leia_pics,JulieKennedy,2
techmattr,linux4noobs,7
redditguy94,natureismetal,1
probablyhrenrai,shittyworldproblems,1
GreenGamer8597,Repsneakers,1
pfcallen,YugiSaltLick,1
sourc3original,science,4
ZeAthenA714,NoMansSkyTheGame,4
sokeydo,iphone,7
Calvith,ToolBand,1
binomialkoeffizient,Judaism,1
DronePuppet,videos,3
mdedm,modhelp,2
SamiTheBystander,sports,3
Imapseudonorm,PFSENSE,3
TheSolarian,gaming,3
rabidsi,worldnews,49
MartianDuk,footballmanagergames,22
travlbum,FloridaMan,2
SockMonkey4Life,DestinyTheGame,1
AriesAviator,funny,1
SYPontherunnykine,Showerthoughts,3
johnstangg,hardcoreaww,1
Ky2nash,JamesBond,7
lunarmodule,cordcutters,2
shaggy1265,announcements,3
myheartisstillracing,AnimalsBeingBros,3
ChubbyMonkeyX,findareddit,1
Rozbwen,aww,1
BaileyTheWhitesican,Showerthoughts,9
iambignoob42,Documentaries,2
PoopyMcpants,airconsole,1
Ham-Man994,EmulationOnAndroid,1
tomanonimos,pics,9
ImFranny,lostarkgame,1
SpartanJack17,CrappyDesign,2
everettmarm,projectmanagement,3
GBBL,enlightenedbirdmen,1
DevelopThePrograms,apple,1
afishintheocean,science,2
SerendipityDarkness,TumblrInAction,2
Taylor-B-,thedivision,28
Kriee,AskReddit,145
darezzi,buildapc,1
Capcombric,oddlysatisfying,4
gruedragon,androidapps,2
Lustan,hometheater,24
thisthingthisthing,adorableporn,71
Bigwok,TForceNetwork,1
caskento,vinyl,5
IAmNotJoshua,Texans,1
1C3M4Nz,OverwatchUniversity,4
Shortyspade,GonewildFaces,1
niadeo,StarWars,1
mybossthinksimworkng,CorporateFacepalm,3
ekhfarharris,UpliftingNews,6
Synectics,Games,45
FapsAllTheTime,nsfw_gifs,35
JobDestroyer,exmormon,1
ISaidGoodDey,nottheonion,1
sexrobot_sexrobot,WarshipPorn,3
robmak3,nvidia,22
tarnkek,videos,1
TheGreatZiegfeld,Chauncii,10
dysgraphical,TwoXChromosomes,1
Jehnay,pokemongo,1
Gutterflame,UNBGBBIIVCHIDCTIICBG,6
azarel23,yoga,1
18now,Showerthoughts,2
smacksaw,NarFFL,5
gurgle528,SocialEngineering,2
erictron,macgaming,1
Onslow_Skils,ukpolitics,16
genyul,southpark,1
SavageAxeBot,dankmemes,996
SaraKmado,CatsAreAssholes,2
Stupidnames04,news,17
iownablender,EarthPorn,4
dinosawrsareawesome,technology,19
Jcoleman37,Austin,11
theprofessor24,Fitness,7
yet_another_spaniard,sexygirlsinjeans,3
Ghostspider1989,techsupport,1
cupboard1,AstonishingLegends,5
brend1no,ClashRoyale,5
Zandrick,technology,18
jimintoronto,AskReddit,27
Bubbasbubba,LegoDimensionsHacks,1
FuckZackSnyder,nba,5
findingmrnemo,CringeAnarchy,12
Jug-Seb,Gifts,2
The_wet_band1t,europe,1
Propaganda4Lunch,Unexpected,2
somekidd,PornStarHQ,1
spidermonkeyjoe,Jokes,4
MITstudent,SouthKoreanPolitics,3
i_cast_kittehs,aww,3
slimej,TwoXChromosomes,3
-susan-,trees,1
KitKatMasterJapan,pokemon,5
chaosaurus,Kanye,2
egregiousmonkey,explainlikeimfive,1
TheWaffleH0use,AdviceAnimals,1
infez,SUpuns,1
chipthamac,GetMotivated,1
Vahallen,MortalKombat,3
swenri1,Libertarian,1
kathleen65,unknownvideos,1
VoyeurOfBliss,MenGW,2
Bluenevi,sports,1
bartManSimpson,California,1
WormSlayer,DaystromInstitute,2
PraiseStalin,beingbritish,9
ccampo,RTLSDR,5
podteod,SubredditDrama,1
agarret83,politics,25
Scoobydoobyfu,LosAngeles,14
IAMA_IronMan,insanepeoplefacebook,2
Mrnoone696,ImGoingToHellForThis,13
titchard,JapaneseFood,2
SynapticDisaster,GetMotivated,1
lucipherius,The_Donald,221
APrisonerofAzkaban,loseit,6
VoyeurOfBliss,ladybonersgw,6
rtyuuytr,AskReddit,2
bleedingjim,Music,1
nm1043,microgrowery,3
Dicethrower,netflix,6
minorminer,galaxys4,10
gabbagabbawill,sportster,50
donemessedupthistime,exchristian,24
Saij891,funny,12
Justice502,Overwatch,2
Timburger,WritingPrompts,1
Gruffily_Wilkins,redditintensifies,1
gammkrab,AllThingsTerran,24
rtyuuytr,buildapc,33
lightcontrast,buildapc,2
thankyoudobbie,MTB,1
doubleas21380,curlyhair,1
themindset,AskReddit,14
cwlsmith,OutOfTheLoop,1
majoen98,pics,20
NonaSuomi282,standupshots,15
danny841,jobs,4
miwa201,bangtan,142
ywecur,pics,20
dandylitigator,Android,2
tetsuoandkaneda,KnicksTape,31
Kurtle_The_Turtle,vita,2
Mr_Bumper,trippinthroughtime,1
fishmoth,rage,1
chalbersma,worldnews,141
ripfg,soccer,1
Briguy24,natureismetal,3
vaderdarthvader,whatcarshouldIbuy,8
cohumi,Rainbow6,1
clearvanity,AndroidMasterRace,1
waystogetaround,socialism,2
sabrunka,parrots,9
sitdownstandup,suspiciousquotes,2
A_glorious_dawn,PS4,23
psypsydil,nottheonion,1
Uhillbilly,Advice,1
English_Rosie,finalfantasyx,2
kifferella,ProRevenge,1
sayleanenlarge,MadeMeSmile,5
SweelFor,thatHappened,3
Lucifer_L,movies,1
rollerfiesta,shitpost,21
makoivis,Guitar,819
nebulouss,technology,2
Frankyg170,fusion,1
YipRocHeresy,nottheonion,8
kam516,politics,29
Lockraemono,facebook,1
PiggyTerry,videos,1
oneof10,Whatcouldgowrong,16
DiaTommy,WastedGifs,1
jtrot91,HomeNetworking,1
PoolOfLiver,MTB,1
SenseiTomato,IAmA,4
ebilgenius,programminghorror,1
KhorialT0MCAT,mechmarket,1
juli7xxxxx,ECHi,1
The_cynical_panther,Whatcouldgowrong,9
Mundus2018,GCXRep,2
strongjz,LifeProTips,2
daymcn,NewOrleans,1
bushiz,Games,2
Szkwarek,Jokes,1
busche916,CFB,354
butler1233,lifehacks,5
Nakuke,USF,16
Zouden,Android,22
ProfessorStein,Tacoma,44
Tehmaxx,cringepics,1
constantvariables,facepalm,1
spiritcrusher77,southpark,7
Fudgiee,RimWorld,1
959able,noslep,3
kwertyuiop,stalker,1
Woodie626,PrimitiveTechnology,1
nvanprooyen,news,41
FourDM,4x4,20
br0hemian,KarmaConspiracy,3
BigCalhoun,cringe,2
do_as_you_would,pics,5
brickmack,explainlikeimfive,8
ytsoc,ReversedGIFS,1
in-cd-us,solotravel,1
themoderation,funny,26
meleeuk,Showerthoughts,4
Eustace_Savage,space,2
TheWiseYoda,television,1
John_Bot,Rainmeter,3
gypsypanda,LadyBoners,2
CIA-pizza-party,AnimalsBeingJerks,4
FrancisCastiglione12,tifu,2
curly686,Stance,21
farhadJuve,ACMilan,3
Justice_Prince,secretsanta,8
tumbleweed_DO,promos,1
Kibbles6,todayilearned,4
-Stormcloud-,Pokemongiveaway,2
nomorerope,Showerthoughts,2
Bullshit404,apple,11
Spanky_II,outside,1
JewpiterCock,gifs,19
impskin,CoinLaundryLoser,1
DrOrganicSwagPHD,NidaleeMains,1
agcforme,B99Gifs,3
k2u3,Addons4Kodi,2
TheManInTheShack,explainlikeimfive,1
CaptainSharkFin,Twitch,2
UnStumpableDonald,guncollecting,8
ourlegacy,AskReddit,6
MushroomedAnus,holdmyjuicebox,1
captaincalamity90,bearbros,1
JonnyRichter,SQL,2
Onlyknown2QBs,rage,7
DuckSicked,salesforce,2
logancat24,FreeBits,1
eltomato159,nocontext,1
TheNutsCracker,aww,4
Indubitablyso,WTF,3
tyfe,AskReddit,1
xAlainn,Cyberpunk,2
hondolor,todayilearned,5
everettmarm,gamernews,1
making_mischief,Futurology,4
SmallSubBot,theydidthemath,1
robotbeatrally,OnOff,1
Imissmyusername,trees,5
zoozeey,NoMansSkyTheGame,3
FoodandWine2014,AdviceAnimals,1
Drassielle,pokemongo,9
fonseca135,yugioh,1
bigex357,tattoos,2
lgastako,IAmA,3
diff-int,nottheonion,11
zoozeey,pkmntcg,2
Harry_Flugelman,iamverybadass,5
nerdofthunder,Android,1
BITmixit,Madonna,1
Chefssaltyballs1303,guns,1
iambignoob42,help,1
FoxylambA,self,1
TeCoolMage,Undertale,3
chuck_cunningham,porninfifteenseconds,1
JakeHodgson,marvelstudios,2
flying_nihilist,whowouldwin,1
boredguitarist,Ghosts,1
SwallowRP,Drugs,3
PugiPugiPugi43,mvci,1
Just1morefix,iamverysmart,5
Meatball_express,RatRod,8
notalwayshere,funny,8
kaoticreapz,roosterteeth,2
Ubertekk,lisp,15
HerroTingTing,CrappyDesign,1
Vault_tech_2077,silenthill,1
QueefLatinaTheThird,shiba,3
Christian159260,spotify,2
sunflowerfly,motorcycles,1
fishmoth,calexit,2
presidenttrump_2016,space,8
iprefertau,AskEngineers,1
meowpah,Drugs,2
Fudgiee,instant_regret,1
supreme_101,gaming,4
torn-ainbow,WritingPrompts,2
samamp,nvidia,1
Michaelumwales,funny,7
Highfire,hearthstone,846
Arbitrary_Cleverness,Horses,1
JuanSpiceyweiner,news,14
Long-Night-Of-Solace,mechanical_gifs,1
pcprincipal69,AskThe_Donald,81
kattmedtass,HistoryPorn,31
sunjay140,malehairadvice,1
Unfairbeef,OpenPV,5
Aceofjebus,nba,1
shadenbo,reallifedoodles,1
QuoteMe-Bot,Animesuggest,1
zombie-yellow11,AdviceAnimals,7
thankyoudobbie,Shoplifting,2
seafore,LetsTalkMusic,2
Busti,bestof,2
Famguyb,giftcardexchange,1
blu1996,Jokes,1
mariokombat,interestingasfuck,2
nrfx,Perfectfit,1
TheMarlBroMan,funny,5
mursilissilisrum,PoliticalDiscussion,1
azriel777,Whatcouldgowrong,2
Froogler,Nepal,2
ANUSTART942,nottheonion,14
Ranger33,wallstreetbets,27
PMme_YourAsshole,StarWars,2
rookierook00000,videos,7
Bosterm,videos,2
LordYorric,shittyjudgequestions,1
Billisits,4chan,3
spideyismywingman,nottheonion,5
pteridoid,ProRevenge,1
mrbabymanv4,Scrubs,1
Tsukuruya,manga,41
K3R3G3,carporn,65
sqectre,Astronomy,1
rainyforest,CapitalismVSocialism,2
Aminrcraoftm,meirl,14
ManWithDildoHands,researchchemicals,3
mnafricano,todayilearned,1
SuperFreddy,reactiongifs,2
dgager,hiphopheads,6
zedoktar,EarthPorn,1
Ham-Man994,Steam,2
JLR-,OldSchoolCool,1
SamBoosa58,funny,32
Nevone2,gravityfalls,3
NothappyJane,pettyrevenge,1
cincyfan04,audioengineering,1
idrpepper,reddit.com,1
malgoya,FoodPorn,1
Feelcat,Metalcore,2
bodysnatcherz,IAmA,2
FapsAllTheTime,SquaredCircle,17
Baby-exDannyBoy,DestructiveReaders,2
benargee,Android,8
JLR-,everymanshouldknow,1
dipiro,backpacking,1
NeededKoalafications,trollabot,1
TheMagicMana,aww,17
supersonic-turtle,television,11
ShowtimeCA,pics,1
surviva316,whitepeoplegifs,2
dns7950,politics,15
VirginWizard69,creepy,1
ATE_SPOKE_BEE,thewalkingdead,1
BoyThisIsAwkward,SilverSpring,3
thesuperevilclown,CatsMurderingToddlers,7
minnabruna,PropagandaPosters,6
RedGK,movies,1
laxt,Songwriting,1
adicren,Borderlands,3
perogne,emulation,5
Demshil4higher,trees,1
face221,donaldglover,1
HTRK74JR,GTA,2
zombiefriend,berserklejerk,3
Carbonizzle,DIY,2
AxeMeAnythin,pics,1
PangurBanHammer,cwru,2
joegringo,20Qrobinsquad,1
mypasswordismud,Tinder,2
LoneSeeker777,Mod4Free,3
Shitty_Human_Being,witcher,7
Crustycrustacean,coupons,2
Cactuar49,creepy,1
gonzobon,Invites,1
pliskin93,Cruise,2
DiceFestGames,yoyhammer,5
Charizard_Allday,GamePhysics,9
maspiers,announcements,1
greywolfau,dataisbeautiful,1
Rebuta,howto,1
IMREALWHAT_R_U,OSU,24
Capybarattlesnake,Minecraft,10
missy070203,awfuleverything,9
HLCRHLCR,interestingasfuck,4
Zoid230,pics,1
SavannahWinslow,HappyEmbarrassedGirls,3
MasterofBananaz,CringeAnarchy,11
ForeSet,Neverwinter,2
GALACTICA-Actual,dogpictures,1
Mildly-disturbing,suspiciousquotes,1
LaboratoryOne,nevertellmetheodds,15
floridawhiteguy,knives,1
EatSleepZlatan,bengals,2
Tanky321,GalaxyS7,2
LegendaryStickMan,technology,2
Alv2Rde,inthenews,2
OmenLW,OldSchoolCool,6
karlswartz,apple,1
Optionthename,bestof,1
rabinito,blindspot,1
Zeyda,UnresolvedMysteries,3
Hehulk,Games,37
ChocoPeant,MotoX,1
ZippyTheChicken,cordcutters,298
throw_yo_mama,LegalTeens,1
remotefixonline,TrueReddit,1
Lemwell,NoStupidQuestions,3
lare290,shittylifehacks,1
RCM9698,AkameGaKILL,7
SkyPirateWolf,coincollecting,1
clinodev,mechanical_gifs,1
GBBL,EatCheapAndHealthy,7
JD-King,whatisthisthing,1
TacoRalf,HumansBeingBros,2
PabloPeublo,AskReddit,5
pieman7414,Overwatch,1
Meatsim1,BlackPeopleTwitter,1
Tyler11223344,CrusaderKings,2
InTheseDays,DIY,5
moosecliffwood,wallpapers,1
SephYuyX,movies,8
EmeraldFlight,Jazz,2
Pbreeze2285,pcmasterrace,35
Steeva,NegativeWithGold,1
c00kies44,worldnews,1
LazerArmy,wholesomememes,1
TJaySteno,hiphopheads,1
milshake,Fitness,1
muchamp,television,9
rtopete,Fitness,1
Incognition369,TwoXChromosomes,2
highsocietymedia,listentothis,1
Moowon,AdviceAnimals,5
existentialhack,virgin,2
Drag0nV3n0m231,gifs,1
Virtualization_Freak,MouseReview,1
Spongyrocks,forearmporn,5
sharpfork,LifeProTips,2
rahuc95,Ni_no_Kuni,1
puffz0r,askscience,3
Denimjo,arrow,28
Sneaky_Stinker,Showerthoughts,7
Redbellyrobin,photoshopbattles,1
dvada191,NotTimAndEric,2
CottonEyedHo,GlobalOffensive,2
PGXHC,tifu,6
Baile_Inneraora,ainbow,2
thatlad,gadgets,1
ReyRey5280,malefashionadvice,3
blackomegax,privacy,25
ANAL_FIST_RAPE,HBOGameofThrones,2
RasiakSnaps,drunk,193
RiverYuppy,drunk,19
jellysmacks,rage,1
j0mbie,Damnthatsinteresting,3
redchindi,science,1
HubbaMaBubba,FellowKids,1
Baeward,calculators,2
pyrovoice,techsupport,1
Not_too_weird,FuckYeahItMadeMeSmile,1
milshake,YouShouldKnow,2
king_of_the_pygmies,Documentaries,2
Im__Bruce_Wayne__AMA,videos,2
Garthmer,worldbuilding,74
King_Ahura,politics,1
dtmcnamara,videos,19
R3a1ityCheque,CringeAnarchy,1
SuperFLEB,OSHA,1
installgentoo69,trap,9
jason2306,FreeGameFindings,2
hughk,news,12
AakSin,pics,2
Adam4920,LeagueConnect,1
ih8Darian,amiugly,2
theBaconBadger,hockey,29
gerchoc44,Dollywinks,1
Pave_Low,philosophy,3
Kai_Daigoji,pics,3
Smoof47,mildlyinteresting,1
dunkster91,PokemonGoSTC,3
An_Image_Of_Mohammed,lifehacks,2
FullRamen,BitcoinMarkets,19
Indica_Haze,Lovecraft,1
2muchyarn,TwoXChromosomes,1
isaakhk,3DS,68
Howisthisaname,oldpeoplefacebook,2
ratancs,node,9
Eudaimonics,RenewableEnergy,3
jbnw17,pics,2
kapsama,MMA,688
ajrc0re,videos,2
mastodoncrackbaby,movies,3
Housetoo,science,8
wolfmalfoy,tennis,1
Ryuubu,gaming,12
djml9,Rainbow6,382
paskizx31,Cooking,9
kevmanyo,pussypassdenied,1
-Dynamic-,worldnews,9
qwertythe300th,Undertale,2
chemisty_rocks,ArtGW,1
ssl-3,todayilearned,10
Watchung,ObscureMedia,7
wltndd,MrRobot,2
airborneANDrowdy,TheSimpsons,1
totallykyle101,xboxone,7
kevle6,AdviceAnimals,9
The-Dudemeister,southpark,9
IM_FANTASTIC_LIKE,swindontown,42
jekyl42,quityourbullshit,1
FriedOctopusBacon,reactiongifs,5
HusainDaKilla,GetMotivated,1
Zoid230,Stock_Picks,1
KingOctavious,bestoflegaladvice,4
milkerfish,exmuslim,28
electricblanketcar,AskReddit,8
fredbnh,news,92
securitywyrm,legaladvice,5
the_last_fartbender,explainlikeimfive,6
pariah24,tifu,1
TotolLies,Steam,1
Wardenclyffe56,meirl,59
TheHotshot1,gtaglitches,2
jeremyjava,Eyebleach,2
aToiletSeat,h3h3productions,4
Vorthas,Animewallpaper,4
kwhitegocubs,aww,1
RGabrielShih,explainlikeimfive,1
Shappie,amazonecho,2
ToxicWildhog,ForeverAlone,1
PavementBlues,HumansBeingBros,1
jbrandona119,GlockMod,1
Tactful,wallstreetbets,1
FantaToTheKnees,CuberdonsEnJeMoeder,4
Shatty23,askscience,1
Wade_Williams,BloodGulchRP,19
DownWithZac,funny,7
TheEllimist,SteamController,1
PeasantryIsFun,IAmA,1
FishermanHS,indieheads,4
kattmedtass,videos,32
mouettefluo,MastersOfSex,3
glitterfruit,earthbound,1
fluoronator,law,2
xXTowelieXx,rush,39
trooper_6190,movies,2
Logic_77,BBQ,1
rednibia,GrassHopperVape,3
cheyyne,KerbalSpaceProgram,10
IKindaForgotAlready,GOTradeReferences,1
scribblermendez,books,9
thewalkindude,BobsBurgers,1
3DXYZ,google,2
robb215,amateur_boxing,2
punstersquared,Mindfulness,2
Martblni,Deusex,3
ectoplasmic42,shrooms,3
Barbwire_cake,todayilearned,20
slowchildren,H1Z1LFG,1
SemperFortis201,Gunsforsale,8
official_yeezus,ADHD,1
Taylor-B-,washingtondc,13
IamEbola,DeepIntoYouTube,1
Nibiria,yugioh,1
seanthestone,WhatsInThisThing,1
The2500,movies,2
roryarthurwilliams,ainbow,13
Fuglypump,NSFW_GIF,1
tarnkek,rickandmorty,1
Lamplorde,pettyrevenge,2
anoncy,Subwife,1
Bippzy,talesfromtechsupport,1
herpington,Nexus5,7
outroversion,thatHappened,10
mpdehnel,space,1
LegitCyborg,IAmA,2
pagit85,xxfitness,1
PorschephileGT3,BlackPeopleTwitter,5
Noalter,gifs,13
Dentalblah,funny,2
Orig_analUse_rname,ProRevenge,1
cupboard1,chile,1
dude8462,BlackPeopleTwitter,5
Definatelynotlibby,intj,62
JD-King,conspiratard,1
sirskitzo,phpstorm,2
AtlUtdGold,CozyPlaces,2
wriley499,2meirl4meirl,5
jayrocs,gifs,1
coffee_o,AndroidQuestions,3
bit_nothing,pokemongo,19
poldicer,StarWars,2
voodooxlady,rant,1
ZoLustIkErNogWelEen,asstastic,1
lheritier1789,trippinthroughtime,1
nvanprooyen,CrappyDesign,1
freaking-yeah,Overwatch,3
wawa09,bdsm,4
airborneANDrowdy,weekendgunnit,1
BahamianRhapsody,SuicideWatch,1
Cessnaporsche01,Justrolledintotheshop,19
Dedpul3825,buildapcforme,355
fullforce098,videos,9
dlefnemulb_rima,motorcycles,4
Nyxto,AdviceAnimals,3
Jaysus273,Guildwars2,138
Sogekingu88,AskReddit,14
HeyThisisMel,marijuanaenthusiasts,1
gunther1992,de,2
expendablethoughts,TumblrInAction,1
lasermancer,cscareerquestions,11
critically_damped,Goatparkour,2
octopornopus,PokemongoAustin,6
GunzGoPew,justneckbeardthings,16
Lishpful_thinking,facepalm,1
FrankToast,PropagandaPosters,1
smbrickner,minnesotavikings,2
giveusliberty,xboxone,3
TangibleLight,pics,15
chewieconcarne,instant_regret,2
mypetrobot,glitch_art,10
FloodGaming,NBA2kTeamUp,4
tripled153,mildlyinteresting,1
theshdw456,AskReddit,2
band-man,Blink182,1
19__DNF-44821-V-63,iamverysmart,1
Foxehh,welcometohell,1
AssBlaster1000,lewronggeneration,1
CreepyPhotographer,girlskissing,2
Ramsus32,AdviceAnimals,27
PM_ur_Rump,Westfalia,1
Ross_EV,chromeos,3
rtopete,reactiongifs,4
UtzTheCrabChip,explainlikeimfive,8
gored_matador,treedibles,13
FlikTripz,explainlikeimfive,5
LilShpeeThatCould,MonsterHunter,6
ActuallyYeah,videos,11
mastapetz,nosleep,1
A-N-V,samuraijack,1
HerroimKevin,DCcomics,2
kirckle,PokemonGoChi,1
fiskiligr,truegaming,2
lacksluster,MMORPG,15
wmwmwmwmwmwmwmwmwm,quityourbullshit,3
SoCalMama,legaladvice,2
Chicxulub_Sky_Diver,news,1
Smokey_Joe,news,1
DRUGS_ARE_USEFUL,The_Donald,1
Work-Safe-Reddit4450,techsupportgore,24
FittyTheBone,Showerthoughts,9
snowywind,todayilearned,30
leviwhite9,watch_dogs,15
otterpapa,space,2
khalo_,amazonecho,2
AnAwkwardWhince,DesirePath,1
NeonSignsRain,Fitness,3
GreyyCardigan,Lifeguards,4
badmonkey247,ketorecipes,22
Paltenburg,cringepics,1
steveryans2,AskReddit,9
Trype98,Repaintings,1
DawnIsAStupidName,Parenting,2
SolopsismSux,CozyPlaces,5
ChiefWiggins22,nfl,33
dribbleondo,Haedox,4
StrangeWill,vmware,92
pays_respect,Diablo,1
Ohalrightmate,Roadcam,8
rollerfiesta,bindingofisaac,140
thatsmyaibo,hockey,8
Whats_a_1911,knives,3
I_AM_AMHAARETZ,Art,1
Sihnar,cringepics,1
densvenskakungen,swedishproblems,10
Throwmesomechicken,HautHausWife,1
TankorSmash,sadcringe,2
-BipolarPolarBear-,soccer,1
IvanMercenario,Fiverr,1
tkshow,gaming,1
ThanosDidNothinWrong,todayilearned,5
HappierMaple,explainlikeimfive,6
Psych0BoyJack,youtube,1
TheNaBr,personalfinance,1
LonelyCannibal,bicycling,1
ilikehockeyandguitar,rush,14
skyboundzuri,explainlikeimfive,11
lookmafireworks,StarWars,4
MuttinChops,SweatyPalms,3
kam516,news,5
cheesynirvana,DowntonAbbey,1
orangenod18,survivor,7
KSonOfCave,television,2
lapsed_,intj,7
kiwi-lime_Pi,history,4
4-20BlazeItMan,IWantOut,1
TommBomBadil,perfectloops,3
miauene,MTB,1
123abc4,EarthPorn,1
prolapsediving,syriancivilwar,2
unspoken_humps,trees,1
Nickyzard,TumblrInAction,2
Barbwire_cake,unturned,1
SmallSubBot,Hijabis,1
ZeAthenA714,worldnews,6
Karnatil,tifu,2
xNotAChance,TheFestivalPlaza,2
j_2_the_esse,DayofInfamy,7
9589Smith,UnderwearGW,9
ComatoseSixty,PetiteGoneWild,2
carrierfive,Socialism_101,3
xspacess,AskSF,1
AWildGopherAppeared,philadelphia,4
infek,NSFW_GIF,1
throwawayodd33,bestof,3
SendNudesOrMemes,ImGoingToHellForThis,2
BITmixit,3dsmax,5
mushoo,WTF,6
JohnQAnon,explainlikeimfive,2
CruelOptimist,guitarpedals,1
CloselyNA,adoptareddit,1
bum_bling_idiot,aww,1
helpakidgrow,shutupandtakemymoney,4
JanetSnarkhole,freshofftheboat,1
SweetyMcQ,MichiganWolverines,19
PaleBlueEye,TittyDrop,1
Sproded,flatearth,7
go4theko,Sneakers,749
lumos_solem,oddlysatisfying,2
hbgoddard,nonononoyes,10
qwerto14,promos,1
DukeLukeivi,pathofexile,1
AnthemForSven,AccidentalRenaissance,3
ButteryFlavory,thisismylifenow,1
rhythmjones,ComedyCemetery,3
kerouacrimbaud,thisismylifenow,1
DrTeaHC,cringe,1
shlooged-,FIFA,1
Maca_Najeznica,ethereum,2
IAmAGermanShepherd,pcmasterrace,3
gifv-bot,ContestOfChampions,1
Foxehh,JustUnsubbed,5
coolkid647,Monitors,1
hiyosilver64,technology,6
tetsuoandkaneda,hiphopheads,1
freewarefreak,snowboarding,1
still-improving,books,19
911child,memes,7
iArrow,CasualPokemonTrades,10
IneedmyFixPlease,juicyasians,1
Smartnership,UpliftingNews,1
astralboy15,shittyfoodporn,1
Grevas13,Minecraft,2
apoetsdream,Atlanta,43
Vapourtrails89,philosophy,7
thepeaglehasglanded,Eyebleach,1
stupideep,ImSavingUpForThis,1
CTDiesel,EarthPorn,2
Littleslapandpickle,personalfinance,1
SchwuleMaedchen,philosophy,3
cannongibb,everymanshouldknow,1
Frangipane1,NoStupidQuestions,3
precrime3,Fitness,17
Ceraunius,HillaryMeltdown,16
DeathDevilize,Piracy,3
thankyoudobbie,food,1
atropicalpenguin,tipofmytongue,2
snount,rage,1
RawestPotato,trippinthroughtime,2
ImproperJon,pcmasterrace,11
TIMWP,thedivision,20
outroversion,Prematurecelebration,1
npc_barney,pics,9
SamiTheBystander,DrunkOrAKid,1
DIch0tomy,pokemon,6
Cessnaporsche01,thalassophobia,1
ScarletSpider0725,metalgearsolid,1
Jaeker,tech,1
Ranjeliq,RoastMe,2
mastapetz,pettyrevenge,1
mickeyy81,unixporn,1
Fattswindstorm,product_design,1
JoeLithium,Frugal,1
streetparker,Futurology,5
TheMrGrimReaper,Goatparkour,5
morkus,shortscarystories,18
Birdy_Devil,ABraThatFits,3
Wild_Marker,CrusaderKings,4
remotefixonline,weekendgunnit,2
ShimShamWham,LifeProTips,4
Aititeal,leagueoflegends,536
lovelylayout,AskCulinary,109
SicIuvatIreSubUmbras,hoi4,80
gamegyro56,Socialism_101,12
Pajama-party,promos,3
Kale_the_Whale,Celebs,1
silenttim,banjo,2
crashsnow,science,2
Sameguy1234,PajamaBabes,1
Monster-_-,sm4sh,4
disgustipated,holdmycosmo,1
Doctor__Butts,todayilearned,2
Cale017,cats,4
LeDoodah,educationalgifs,1
rainyforest,popheads,1
Nitrozzy7,Windows10,3
wakuku,CelebFakes,2
IndictHillaryClinton,television,1
Reytan,AskAnthropology,2
Aitou,orangeisthenewblack,1
DonaldTrak,funny,2
tedsmitts,AskReddit,9
REDDISAUROUS_REX,worldnews,11
SuperWalter,TheoryOfReddit,4
cthulhusandwich,cosplay,2
xbhaskarx,soccer,3
Kito_24,meirl,1
vanderbugger,Unexpected,1
19GTK87,funhaus,36
terribleone250s,funny,39
yoshi570,television,2
bluntlee,RoCirclejerk,70
hamburgular70,DynastyFF,411
chromiselda,space,1
Eltex,Jokes,2
sharpfork,UsenetInvites,1
Spongyrocks,whitepeoplegifs,9
teki-toe,friendsafari,15
DixieWreckedJedi,DebateAnAtheist,2
mulder_scully,Futurology,1
tonysalami,WTF,1
